{
  "mean": [
    48.48728571428571,
    59997.54551757755,
    15.082857142857144,
    10.137934065801195,
    49.91123001011337,
    30.064202580126615,
    2.001,
    23.553399772211634,
    9.949685944392705,
    0.9818571428571429,
    4.992244824032698,
    0.001825609661556267,
    50.429923107529,
    0.4962857142857143,
    6.955283797737187,
    6.963499600494381,
    0.2,
    7.9875488441056595,
    2.5052857142857143,
    0.7025714285714286,
    0.33914285714285713,
    0.4072857142857143,
    0.4957142857142857,
    0.9331571428571429,
    60.933571428571426,
    0.050069195492423085,
    0.04285714285714286,
    5007.681492187145,
    -1.2394221166670463,
    490.3799505942413,
    0.7993412066883682,
    0.28467736314736153,
    0.7031568179798243,
    2.5157142857142856,
    699.1382659425852,
    0.2866217420061964,
    0.105,
    0.200596195932848,
    0.9875714285714285,
    5.014714285714286,
    0.20024889720261574,
    1000.8238571428572
  ],
  "scale": [
    17.877866876706083,
    25064.14004447645,
    3.8834804503387503,
    9.998464165009429,
    22.566516661742362,
    30.05728841135157,
    1.422120800575173,
    7.97341125723757,
    10.172904993606203,
    0.9910092876271469,
    4.947500895507569,
    0.011776471033085023,
    49.42737496484248,
    0.6909520790258932,
    7.065140645544732,
    1.989621627376143,
    0.4475329197787737,
    1.5101974027894074,
    1.5923838566560438,
    0.45712669614290813,
    0.47341839802846347,
    0.4913288727771754,
    0.4999816323156893,
    0.38697623167004847,
    34.86048542960576,
    0.02027603185717255,
    0.20253495541082608,
    2991.43346333952,
    100.24675484289294,
    483.84194507417607,
    0.19902200685612892,
    0.15803793633032562,
    0.20201928809088046,
    1.5798856843171294,
    100.61933402144594,
    0.15996520369541872,
    0.32333640155637994,
    0.1666230814853424,
    0.9892218236202286,
    2.2254208086360214,
    0.12041255255879625,
    31.86727792368382
  ],
  "features": [
    "age",
    "income",
    "total_transactions",
    "login_frequency",
    "app_usage_minutes",
    "days_since_last_login",
    "customer_service_calls",
    "activity_score",
    "avg_monthly_fees",
    "overdraft_frequency",
    "penalty_charges",
    "fee_to_balance_ratio",
    "overdraft_amount",
    "num_complaints",
    "complaint_resolution_days",
    "satisfaction_score",
    "escalation_count",
    "service_quality_rating",
    "num_products",
    "has_credit_card",
    "has_mortgage",
    "has_investment_account",
    "has_insurance",
    "product_diversity_score",
    "tenure_months",
    "balance_growth_rate",
    "is_new_customer",
    "avg_account_balance",
    "balance_trend",
    "balance_volatility",
    "salary_consistency",
    "withdrawal_ratio",
    "digital_adoption",
    "family_size",
    "credit_score",
    "credit_utilization",
    "num_loan_defaults",
    "debt_to_income",
    "credit_inquiry_count",
    "promotions_sent",
    "promotion_response_rate",
    "reward_points"
  ],
  "n_features_in": 42,
  "n_samples_seen": 7000
}