{
  "version": "v1.0",
  "best_model": "lightgbm",
  "validation_metrics": {
    "logistic_regression": {
      "auc": 0.7955765993265993,
      "f1": 0.4372093023255814,
      "precision": 0.864576,
      "recall": 0.8386666666666667,
      "accuracy": 0.8386666666666667,
      "true_negative": 1164,
      "false_positive": 156,
      "false_negative": 86,
      "true_positive": 94,
      "sensitivity": 0.5222222222222223,
      "specificity": 0.8818181818181818,
      "pr_auc": 0.4191385002825346,
      "optimal_threshold": 0.5003467858791394,
      "precision_at_optimal": 0.3821138211382114,
      "recall_at_optimal": 0.5222222222222223,
      "f1_at_optimal": 0.4413145539906103,
      "precision_0": 0.9312,
      "recall_0": 0.8818181818181818,
      "f1_0": 0.9058365758754864,
      "support_0": 1320,
      "precision_1": 0.376,
      "recall_1": 0.5222222222222223,
      "f1_1": 0.4372093023255814,
      "support_1": 180,
      "cv_auc_mean": 0.8775306781244622,
      "cv_auc_std": 0.013715494072308545
    },
    "random_forest": {
      "auc": 0.7865361952861952,
      "f1": 0.2723404255319149,
      "precision": 0.8596866939289084,
      "recall": 0.886,
      "accuracy": 0.886,
      "true_negative": 1297,
      "false_positive": 23,
      "false_negative": 148,
      "true_positive": 32,
      "sensitivity": 0.17777777777777778,
      "specificity": 0.9825757575757575,
      "pr_auc": 0.3634565055039097,
      "optimal_threshold": 0.35829440966071074,
      "precision_at_optimal": 0.3755868544600939,
      "recall_at_optimal": 0.4444444444444444,
      "f1_at_optimal": 0.4071246819338422,
      "precision_0": 0.8975778546712803,
      "recall_0": 0.9825757575757575,
      "f1_0": 0.9381555153707053,
      "support_0": 1320,
      "precision_1": 0.5818181818181818,
      "recall_1": 0.17777777777777778,
      "f1_1": 0.2723404255319149,
      "support_1": 180,
      "cv_auc_mean": 0.9828962724471952,
      "cv_auc_std": 0.023577528409238168
    },
    "xgboost": {
      "auc": 0.8030050505050506,
      "f1": 0.33201581027667987,
      "precision": 0.8639394841174608,
      "recall": 0.8873333333333333,
      "accuracy": 0.8873333333333333,
      "true_negative": 1289,
      "false_positive": 31,
      "false_negative": 138,
      "true_positive": 42,
      "sensitivity": 0.23333333333333334,
      "specificity": 0.9765151515151516,
      "pr_auc": 0.4385503350645359,
      "optimal_threshold": 0.13481774926185608,
      "precision_at_optimal": 0.3735408560311284,
      "recall_at_optimal": 0.5333333333333333,
      "f1_at_optimal": 0.4393592677345538,
      "precision_0": 0.9032936229852838,
      "recall_0": 0.9765151515151516,
      "f1_0": 0.9384783400072807,
      "support_0": 1320,
      "precision_1": 0.5753424657534246,
      "recall_1": 0.23333333333333334,
      "f1_1": 0.33201581027667987,
      "support_1": 180,
      "cv_auc_mean": 0.9814114050260159,
      "cv_auc_std": 0.02622098262448193
    },
    "lightgbm": {
      "auc": 0.809726430976431,
      "f1": 0.35019455252918286,
      "precision": 0.8666442763139882,
      "recall": 0.8886666666666667,
      "accuracy": 0.8886666666666667,
      "true_negative": 1288,
      "false_positive": 32,
      "false_negative": 135,
      "true_positive": 45,
      "sensitivity": 0.25,
      "specificity": 0.9757575757575757,
      "pr_auc": 0.44040702244669944,
      "optimal_threshold": 0.16049168276136627,
      "precision_at_optimal": 0.4055299539170507,
      "recall_at_optimal": 0.4888888888888889,
      "f1_at_optimal": 0.4433249370277078,
      "precision_0": 0.9051300070274069,
      "recall_0": 0.9757575757575757,
      "f1_0": 0.9391177542836311,
      "support_0": 1320,
      "precision_1": 0.5844155844155844,
      "recall_1": 0.25,
      "f1_1": 0.35019455252918286,
      "support_1": 180,
      "cv_auc_mean": 0.9811733536210401,
      "cv_auc_std": 0.026503992240523373
    }
  },
  "test_metrics": {
    "auc": 0.8105934343434344,
    "f1": 0.4496487119437939,
    "precision": 0.867645262705539,
    "recall": 0.8433333333333334,
    "accuracy": 0.8433333333333334,
    "true_negative": 1169,
    "false_positive": 151,
    "false_negative": 84,
    "true_positive": 96,
    "sensitivity": 0.5333333333333333,
    "specificity": 0.8856060606060606,
    "pr_auc": 0.43582315466970034,
    "optimal_threshold": 0.18560812351009662,
    "precision_at_optimal": 0.41333333333333333,
    "recall_at_optimal": 0.5166666666666667,
    "f1_at_optimal": 0.4592592592592593,
    "precision_0": 0.9329608938547486,
    "recall_0": 0.8856060606060606,
    "f1_0": 0.9086669257675865,
    "support_0": 1320,
    "precision_1": 0.38866396761133604,
    "recall_1": 0.5333333333333333,
    "f1_1": 0.4496487119437939,
    "support_1": 180,
    "threshold_used": 0.16049168276136627,
    "default_threshold_metrics": {
      "f1": 0.312,
      "precision": 0.860087912087912,
      "recall": 0.8853333333333333,
      "accuracy": 0.8853333333333333
    },
    "confusion_matrix": [
      [
        1169,
        151
      ],
      [
        84,
        96
      ]
    ]
  },
  "training_info": {
    "timestamp": "2025-10-28T13:25:00.662207",
    "feature_count": 88,
    "random_state": 42,
    "original_data_shapes": {
      "train": [
        7000,
        91
      ],
      "val": [
        1500,
        91
      ],
      "test": [
        1500,
        91
      ]
    },
    "smote_used": true,
    "models_available": {
      "xgboost": true,
      "lightgbm": true,
      "smote": true
    }
  }
}